{"spts":[{"i":46,"x":-278.4971590042114,"y":-376.4971590042114,"w":"1","d":0},{"i":46,"x":300.5028409957886,"y":-223.49715900421143,"w":"2","d":0},{"i":46,"x":-277.4971590042114,"y":246.50284099578857,"w":"3","d":0},{"i":46,"x":338.5028409957886,"y":304.5028409957886,"w":"4","d":0}],"map":"sandmap","sx":-64.5,"sy":-56.5,"lines":[]}